Park Name,Cross Streets,Maps Link,District*,Type,Has Restroom?,Has Dogrun?,Has Outdoor Pool?,Has Indoor Pool?,Park Code,Comments/Nearby Landmarks/Food Nearby
Alley Pond Park,"Little Neck Bay to Springfield Blvd, Union Tpke","https://www.google.com/maps/search/40.74407125580,-73.74422606570",19,Flagship Park,TRUE,TRUE,FALSE,FALSE,Q001 ,
Alley Athletic Playground,Winchester Blvd. bet. Union Tpke. and the Grand Central Pkwy.,"https://www.google.com/maps/search/40.73978481510,-73.73631691950",23,Recreation Field/Courts,TRUE,FALSE,FALSE,FALSE,Q001A,
Grover Cleveland Playground,Stanhope St. bet. Fairvier Ave. and Grandview Ave.,"https://www.google.com/maps/search/40.71083731740,-73.91119339490",34,Neighborhood Park,TRUE,FALSE,FALSE,FALSE,Q002 ,
Ashmead Park,Liberty Ave. bet. 168 St. and 168 Pl. ,"https://www.google.com/maps/search/40.70291214210,-73.79027566740",27,Triangle/Plaza,FALSE,FALSE,FALSE,FALSE,Q003 ,
Astoria Park,19 St. bet. Astoria Park S. and Ditmars Blvd. ,"https://www.google.com/maps/search/40.77873713780,-73.92309519710",22,Community Park,TRUE,TRUE,TRUE,FALSE,Q004 ,
Ralph Demarco Park,Shore Blvd. bet. Ditmars Blvd. and 20 Ave.,"https://www.google.com/maps/search/40.78395099920,-73.91764155470",22,Neighborhood Park,FALSE,TRUE,FALSE,FALSE,Q004A,
Baisley Pond Park,"N. Conduit Ave., 116 Ave. bet. 150 St., Suptin Blvd., and Baisley Blvd. S. ","https://www.google.com/maps/search/40.67789314720,-73.78571057240",28,Community Park,TRUE,TRUE,FALSE,FALSE,Q005 ,
Bowne Park,"29 Ave., 32 Ave. bet. 155 St. and 159 St.","https://www.google.com/maps/search/40.77051603620,-73.80732223270",19,Neighborhood Park,TRUE,FALSE,FALSE,FALSE,Q006 ,
Bayswater Park,"Dwight Ave., Seagirt Blvd. bet. Beach 38 St. and Bay 32 St.","https://www.google.com/maps/search/40.59782191010,-73.76868930660",31,Community Park,TRUE,TRUE,FALSE,FALSE,Q007 ,
Brookville Park,"S. Conduit Ave., 149 Ave. bet. 232 St. and 235 St. ","https://www.google.com/maps/search/40.66152151800,-73.74415443950",31,Community Park,TRUE,FALSE,FALSE,FALSE,Q008 ,
Hermon A. MacNeil Park,Poppenhusen Ave. bet. 115 St. and College Pl.,"https://www.google.com/maps/search/40.79278006460,-73.85119113780",19,Neighborhood Park,TRUE,TRUE,FALSE,FALSE,Q009 ,
Clearview Park Golf Course,"202 St., Clearview Exwy., bet. Cross Island Pkwy. and 23 Ave.","https://www.google.com/maps/search/40.78215462920,-73.78857110850",19,Managed Sites,FALSE,FALSE,FALSE,FALSE,Q010 ,
Little Bay Park,Cross Island Pkwy. bet. Utopia Pkwy. and Totten Ave.,"https://www.google.com/maps/search/40.79047245190,-73.78813693460",19,Community Park,TRUE,TRUE,FALSE,FALSE,Q010A,
Poppenhusen Playground,"20 Ave., 21 Ave. bet. 123 St. and 124 St.","https://www.google.com/maps/search/40.78126594680,-73.84459292550",19,Playground,TRUE,FALSE,FALSE,FALSE,Q011 ,
Crocheron Park,"214 Pl., 214 La., 215 Pl, Cross Island Pkwy. bet. 33 Ave. and 35 Ave.","https://www.google.com/maps/search/40.77036625740,-73.76735157040",19,Community Park,TRUE,TRUE,FALSE,FALSE,Q012 ,
Veterans Grove,"Whitney Ave., 43 Ave., bet. Judge St. and Ketcham St.","https://www.google.com/maps/search/40.74271042340,-73.87753533840",25,Playground,FALSE,TRUE,FALSE,FALSE,Q013 ,
Astoria Heights Playground,30 Rd. bet. 45 St. and 46 St.,"https://www.google.com/maps/search/40.76035843730,-73.91177381230",22,Jointly Operated Playground,TRUE,FALSE,FALSE,FALSE,Q014 ,
Forest Park,"Myrtle Ave, Union Tpke, Park Lane S","https://www.google.com/maps/search/40.69930971100,-73.86170548250",29,Flagship Park,TRUE,TRUE,FALSE,FALSE,Q015 ,
The Olde Towne of Flushing Burial Ground,46 Ave. bet. 164 St. and 165 St.,"https://www.google.com/maps/search/40.75453371210,-73.80241359440",20,Neighborhood Park,FALSE,FALSE,FALSE,FALSE,Q017 ,
Gordon Triangle,"10 St., Vernon Blvd. bet. 44 Rd. and 45 Ave.","https://www.google.com/maps/search/40.74877714610,-73.95195110250",26,Triangle/Plaza,FALSE,FALSE,FALSE,FALSE,Q018 ,
Garlinge Triangle,"Grand Ave., 57 Ave. bet. 72 Pl and Mazeau St.","https://www.google.com/maps/search/40.72833226680,-73.89093425500",30,Triangle/Plaza,FALSE,FALSE,FALSE,FALSE,Q019 ,
Highland Park,"Highland Blvd, Jamaica Ave, Jackie Robinson Pkwy","https://www.google.com/maps/search/40.68865883460,-73.88611460020",30,Community Park,TRUE,FALSE,FALSE,FALSE,Q020 ,
Cunningham Park,"Horace Harding Expwy, Grand Central Pkwy","https://www.google.com/maps/search/40.72812161720,-73.77266091040",23,Flagship Park,TRUE,TRUE,FALSE,FALSE,Q021 ,
Margaret I. Carman Green - Weeping Beech,37 Ave. bet. Bowne St. and Parsons Blvd.,"https://www.google.com/maps/search/40.76279946850,-73.82453621310",20,Playground,TRUE,FALSE,FALSE,FALSE,Q022 ,
Rufus King Park,"Jamaica Ave., 89 Ave. bet. 150 St. and 153 St.","https://www.google.com/maps/search/40.70370237540,-73.80397955130",24,Neighborhood Park,TRUE,FALSE,FALSE,FALSE,Q023 ,
Kissena Park,"Underhill, Oak, Rose, Booth Memorial Aves, Kissena Blvd, Fresh Meadow Ln","https://www.google.com/maps/search/40.74580095800,-73.80850814700",20,Community Park,TRUE,FALSE,FALSE,FALSE,Q024 ,
Major Mark Park,Hillside Ave. bet. 173 St. and 175 St.,"https://www.google.com/maps/search/40.71167475160,-73.78853394860",27,Triangle/Plaza,FALSE,FALSE,FALSE,FALSE,Q025 ,
Park Of The Americas,"41st Ave, 104th St","https://www.google.com/maps/search/40.74856435770,-73.86192137870",21,Neighborhood Park,TRUE,FALSE,FALSE,FALSE,Q026 ,
Beach Channel Park,Beach Channel Dr. bet. B. 117 St. and B. 124 St.,"https://www.google.com/maps/search/40.58171087780,-73.84185224450",32,Waterfront Facility,FALSE,FALSE,FALSE,FALSE,Q028 ,
Tribute Park,Beach Channel Dr. bet. B. 116 St. and B. 117 St.,"https://www.google.com/maps/search/40.58205405880,-73.83888372690",32,Triangle/Plaza,FALSE,FALSE,FALSE,FALSE,Q028A,
William F Moore Park,"108 St., Corona Ave. bet. 51 Ave. and 52 Ave.","https://www.google.com/maps/search/40.74368161140,-73.85551193210",21,Neighborhood Park,FALSE,FALSE,FALSE,FALSE,Q029 ,
Midland Malls,Midland Pkwy. bet. Surrey Place and Hillside Ave.,"https://www.google.com/maps/search/40.71698555210,-73.78455931760",24,Mall,FALSE,FALSE,FALSE,FALSE,Q030 ,
Lawrence Virgilio Playground,"52 St., Woodside Ave. bet. 39 Rd. and 39 Dr.","https://www.google.com/maps/search/40.74751773320,-73.91073492990",26,Neighborhood Park,TRUE,FALSE,TRUE,FALSE,Q031 ,
Doughboy Park,Woodside Ave. bet. 54 St. and 56 St.,"https://www.google.com/maps/search/40.74644706060,-73.90893213440",26,Triangle/Plaza,FALSE,TRUE,FALSE,FALSE,Q031A,
McKenna Triangle,"Jackson Ave, 45th Ave","https://www.google.com/maps/search/40.74658991830,-73.94409454850",26,Triangle/Plaza,FALSE,FALSE,FALSE,FALSE,Q032 ,
Mall Eighteen,18 Ave. bet. 126 St. and 127 St.,"https://www.google.com/maps/search/40.78322854540,-73.84177301420",19,Mall,FALSE,FALSE,FALSE,FALSE,Q033 ,
Sabba Park,"Queens Blvd. bet.  48 St., Greenpoint Ave. and 50 St.","https://www.google.com/maps/search/40.74284851400,-73.91584014570",26,Triangle/Plaza,FALSE,FALSE,FALSE,FALSE,Q034 ,
Mall Thirty Four XXXIV,34th Ave Bet 113th and 114th St,"https://www.google.com/maps/search/40.75714294220,-73.85544687700",21,Mall,FALSE,FALSE,FALSE,FALSE,Q035 ,
Neponsit Mall,Rockaway Beach Blvd. bet. Beach 149 St. and Beach 142 St.,"https://www.google.com/maps/search/40.57151132560,-73.85883867770",32,Mall,FALSE,FALSE,FALSE,FALSE,Q037 ,
Benninger Playground,Madison St. bet. 60 Pl. and Fresh Pond Rd.,"https://www.google.com/maps/search/40.70707124010,-73.89827977140",30,Playground,FALSE,FALSE,FALSE,FALSE,Q038 ,
Elmjack Mall,75 St. bet. 37 Ave. and Woodside Ave.,"https://www.google.com/maps/search/40.74430923390,-73.88999133410",25,Mall,FALSE,FALSE,FALSE,FALSE,Q040 ,
Elmjack Mall,75 St. bet. 37 Ave. and Woodside Ave.,"https://www.google.com/maps/search/40.74430923390,-73.88999133410",25,Mall,FALSE,FALSE,FALSE,FALSE,Q040A,
Newtown Playground,"56 Ave., 92 St.","https://www.google.com/maps/search/40.73634244350,-73.86952669010",25,Neighborhood Park,TRUE,FALSE,FALSE,FALSE,Q041 ,
Poppenhusen Park,"College Pl., College Pt. Blvd., bet. 11 Ave. and 12 Ave.","https://www.google.com/maps/search/40.78785632270,-73.84585056640",19,Triangle/Plaza,FALSE,FALSE,FALSE,FALSE,Q042 ,
Proctor-Hopson Circle,"Merrick Blvd., 169 Pl., 108 Rd.","https://www.google.com/maps/search/40.69788009590,-73.78629429700",27,Triangle/Plaza,FALSE,FALSE,FALSE,FALSE,Q043 ,
L/CPL Thomas P. Noonan Jr. Playground,"47 Ave., Greenpoint Ave. bet. 42 St. and 43 St.","https://www.google.com/maps/search/40.74111999160,-73.92246450030",26,Playground,TRUE,FALSE,FALSE,FALSE,Q044 ,
Andrews Grove,49 Ave. bet. 5 St. and Vernon Blvd.,"https://www.google.com/maps/search/40.74337696190,-73.95482778710",26,Playground,FALSE,FALSE,FALSE,FALSE,Q045 ,
Josephine Caminiti Playground,102 St. bet. Corona Ave. and Alstyne Ave.,"https://www.google.com/maps/search/40.74389561440,-73.86155514030",21,Playground,TRUE,FALSE,FALSE,FALSE,Q046 ,
Queens Village Veterans Plaza,Springfield Blvd. bet. Jamaica Ave. and Amboy La.,"https://www.google.com/maps/search/40.71804043100,-73.73588250830",27,Triangle/Plaza,FALSE,FALSE,FALSE,FALSE,Q047 ,
Rainey Park,Vernon Blvd. bet. 33 Rd. and 34 Ave.,"https://www.google.com/maps/search/40.76631485120,-73.94059211210",26,Neighborhood Park,TRUE,TRUE,FALSE,FALSE,Q048 ,
Rockaway Beach and Boardwalk,Beach 3 St. to Beach 153 St. and Boardwalk to Atlantic Ocean.,"https://www.google.com/maps/search/40.58219500,-73.80548100",32,Park Group,TRUE,FALSE,FALSE,FALSE,Q050 ,
Archie Spigner Park,"169 St., Merrick Blvd., Marne Pl. bet. Linden Blvd., Sayres Ave., and 111 Rd.","https://www.google.com/maps/search/40.69311998190,-73.77879390390",27,Community Park,TRUE,FALSE,FALSE,FALSE,Q051 ,
Captain Tilly Park,"Highland Ave., 85 Ave. bet. 165 St. and Chapin Pkwy.","https://www.google.com/maps/search/40.71207323900,-73.79888786570",24,Neighborhood Park,TRUE,FALSE,FALSE,FALSE,Q052 ,
Equity Playground,88 Ave. to 89 Ave. at 90 St.,"https://www.google.com/maps/search/40.69131535510,-73.85330106270",32,Playground,TRUE,FALSE,FALSE,FALSE,Q053 ,
Veteran's Square,"National St, 42nd Ave, 102nd St","https://www.google.com/maps/search/40.74772545160,-73.86328576350",21,Triangle/Plaza,FALSE,FALSE,FALSE,FALSE,Q055 ,
Clemens Triangle,"Myrtle Ave., Cypress Ave., Cornelia St.","https://www.google.com/maps/search/40.70005918860,-73.90588664100",34,Triangle/Plaza,FALSE,FALSE,FALSE,FALSE,Q056 ,
Sohncke Square,"Woodside Ave., 58 St., Roosevelt Ave.","https://www.google.com/maps/search/40.74550480420,-73.90626912220",26,Triangle/Plaza,FALSE,FALSE,FALSE,FALSE,Q057 ,
Dunningham Triangle,"82 St., Ithaca St., Baxter Ave.","https://www.google.com/maps/search/40.74635445750,-73.88357066850",25,Triangle/Plaza,FALSE,FALSE,FALSE,FALSE,Q058 ,
Catharine Turner Richardson Park,"Douglaston Pkwy, Poplar St, Prospect Ave","https://www.google.com/maps/search/40.76830898500,-73.74724793050",19,Triangle/Plaza,FALSE,FALSE,FALSE,FALSE,Q059 ,
Nine Heroes Plaza,"Broadway, 41 Ave., 76 St.","https://www.google.com/maps/search/40.74553783230,-73.88908662550",25,Triangle/Plaza,FALSE,FALSE,FALSE,FALSE,Q060 ,
Steinmann Triangle,"Skillman Ave., Roosevelt Ave. bet. 55 St. and 56 St.","https://www.google.com/maps/search/40.74517456080,-73.90914994570",26,Triangle/Plaza,FALSE,FALSE,FALSE,FALSE,Q061 ,
Fleetwood Triangle,"Woodhaven Blvd., 63 Dr., Penelope Ave.","https://www.google.com/maps/search/40.72269044990,-73.86719017980",29,Triangle/Plaza,FALSE,FALSE,FALSE,FALSE,Q062 ,
Luke J. Lang Square,"Fresh Pond Rd., 59 Rd. and 61 St.","https://www.google.com/maps/search/40.71856365310,-73.90240765000",30,Triangle/Plaza,FALSE,FALSE,FALSE,FALSE,Q063 ,
John Vincent Daniels Jr. Square,"43 Ave., Roosevelt Ave. bet. 50 St., 51 St. and 52 St.","https://www.google.com/maps/search/40.74413548940,-73.91331153730",26,Triangle/Plaza,FALSE,FALSE,FALSE,FALSE,Q065 ,
Triborough Bridge Playground B,Hoyt Ave. bet. 21 St. and 23 St.,"https://www.google.com/maps/search/40.77471237300,-73.92311773620",22,Playground,TRUE,FALSE,FALSE,FALSE,Q066 ,
Pigeon Paradise,"Broadway, 69th St, 37th Ave","https://www.google.com/maps/search/40.74864593630,-73.89655040070",26,Triangle/Plaza,FALSE,FALSE,FALSE,FALSE,Q067 ,
General Hart Playground,"Broadway, 37 Ave. bet. 65 St. and 69 St.","https://www.google.com/maps/search/40.74877829320,-73.89733301470",26,Neighborhood Park,TRUE,FALSE,FALSE,FALSE,Q067A,
Middleburgh Triangle,"Corona Ave., 90 St., 48 Ave.","https://www.google.com/maps/search/40.74131233080,-73.87507990480",25,Triangle/Plaza,FALSE,FALSE,FALSE,FALSE,Q069 ,
Trolley Car Triangle,"Astoria Blvd, 97th St","https://www.google.com/maps/search/40.76228417200,-73.87242713230",21,Triangle/Plaza,FALSE,FALSE,FALSE,FALSE,Q070 ,
Short Triangle,"Jackson Ave., 45 Rd., 23 St.","https://www.google.com/maps/search/40.74608978890,-73.94536497360",26,Triangle/Plaza,FALSE,FALSE,FALSE,FALSE,Q072 ,
Plaut Triangle,"Northern Blvd., 43 Ave. bet. 169 St. and 170 St.","https://www.google.com/maps/search/40.75836294330,-73.79719061810",19,Triangle/Plaza,FALSE,FALSE,FALSE,FALSE,Q073 ,
Glendale Veterans Triangle,"Cooper Ave, Myrtle Ave","https://www.google.com/maps/search/40.70185369900,-73.88082578260",30,Triangle/Plaza,FALSE,FALSE,FALSE,FALSE,Q075 ,
Legion Triangle,"Rockaway Blvd, Eldert Ln","https://www.google.com/maps/search/40.68640464090,-73.86663705330",30,Triangle/Plaza,FALSE,FALSE,FALSE,FALSE,Q076 ,
Wellbrock Triangle,"Rockaway Blvd, 109th Ave","https://www.google.com/maps/search/40.67888136880,-73.83362043610",32,Triangle/Plaza,FALSE,FALSE,FALSE,FALSE,Q079 ,
Veterans Plaza,"Jackson Mill Rd., 32 Ave. bet. 93 St. and 94 St.","https://www.google.com/maps/search/40.75875873990,-73.87492426060",21,Triangle/Plaza,FALSE,FALSE,FALSE,FALSE,Q080 ,
Wayanda Park,Robard La. bet. Hollis Ave. and Montery St.,"https://www.google.com/maps/search/40.71075736290,-73.73899826550",27,Jointly Operated Playground,TRUE,FALSE,FALSE,FALSE,Q082 ,
Jackie Robinson Parkway,"Jackie Robinson Parkway bet. Bushwick Ave. and Markwood Pl., Park La.","https://www.google.com/maps/search/40.70252554010,-73.85922024710",29,Parkway,FALSE,FALSE,FALSE,FALSE,Q083 ,
Grand Central Parkway,"Union Tp., Park Drive East to Nassau County Line","https://www.google.com/maps/search/40.71662624980,-73.80080710690",23,Parkway,FALSE,FALSE,FALSE,FALSE,Q084 ,
Tepper Triangle,"GCP Service Rd. South, 173 St., Homelawn St.","https://www.google.com/maps/search/40.71872291780,-73.79156065880",24,Triangle/Plaza,FALSE,FALSE,FALSE,FALSE,Q084B,
Gorman Playground,"30 Ave., 25 Ave. bet. 84 St. and 85 St.","https://www.google.com/maps/search/40.76238445150,-73.88423625350",22,Neighborhood Park,TRUE,FALSE,FALSE,FALSE,Q085 ,
Flushing Fields,Bayside Ave bet. 149 St and 150th St,"https://www.google.com/maps/search/40.77538353600,-73.81668941480",19,Community Park,TRUE,FALSE,FALSE,FALSE,Q086 ,
Federalist Triangle,"55 Ave., Jay Ave., 65 Pl.","https://www.google.com/maps/search/40.72679137430,-73.90056613090",30,Triangle/Plaza,FALSE,FALSE,FALSE,FALSE,Q090 ,
Police Officer Edward Byrne Park,"N. Conduit Ave., 135 Ave. bet. 130 Pl. and 134 St.","https://www.google.com/maps/search/40.66733660970,-73.80736103370",28,Community Park,FALSE,FALSE,FALSE,FALSE,Q092 ,
Tudor Park,"N. Conduit Ave., 133 Ave. bet. 80 St. and 88 St.","https://www.google.com/maps/search/40.67324197760,-73.85470542140",32,Community Park,FALSE,FALSE,FALSE,FALSE,Q094 ,
Vito Locascio Field,"N. Conduit Ave., 149 Ave., Cross Bay Blvd.","https://www.google.com/maps/search/40.67000892090,-73.84408330280",32,Recreation Field/Courts,TRUE,FALSE,FALSE,FALSE,Q095 ,
Locust Grove Civic Triangle,N Conduit Av bet. 118 St and Lefferts Blvd,"https://www.google.com/maps/search/40.66560501830,-73.82457105240",32,Triangle/Plaza,FALSE,FALSE,FALSE,FALSE,Q096A,
Southern Fields,N Conduit Av-Belt Pkwy bet. 114 and 117 Sts,"https://www.google.com/maps/search/40.66562847457831,-73.82634749019076",32,Recreation Field/Courts,FALSE,FALSE,FALSE,FALSE,Q096B,
Frank D. O'Connor Playground,Broadway and Woodside Ave. bet. 77 St. and 79 St.,"https://www.google.com/maps/search/40.74417492330,-73.88663083430",25,Neighborhood Park,TRUE,FALSE,FALSE,FALSE,Q098 ,
Flushing Meadows Corona Park,"Grand Central Pkwy, Van Wyck Exwy","https://www.google.com/maps/search/40.72775840750,-73.83570349350",19,Flagship Park,TRUE,TRUE,FALSE,TRUE,Q099 ,
Flushing Greens,Northern Blvd Bet. Linden Pl. and Union St.,"https://www.google.com/maps/search/40.76314858630,-73.83110800690",20,Triangle/Plaza,FALSE,FALSE,FALSE,FALSE,Q100 ,
Daniel Carter Beard Mall,Northern Blvd. bet.  Main St. and Linden Pl.,"https://www.google.com/maps/search/40.76368645430,-73.82908899390",20,Triangle/Plaza,FALSE,FALSE,FALSE,FALSE,Q100A,
Middle Village Playground,79 St. bet. 68 Rd. and 69 Ave.,"https://www.google.com/maps/search/40.71009983070,-73.87360750690",30,Neighborhood Park,FALSE,FALSE,FALSE,FALSE,Q101 ,
Juniper Valley Park,"Juniper Blvd. bet. Lutheran Ave., 71 St. and Dry Harbor Rd.","https://www.google.com/maps/search/40.72033733820,-73.88036388450",30,Community Park,TRUE,TRUE,FALSE,FALSE,Q102 ,
Kennedy Playground,"32 Ave., 33 Ave. bet. Corporal Kennedy St. and 210 St.","https://www.google.com/maps/search/40.77167045810,-73.77938555540",19,Neighborhood Park,TRUE,FALSE,FALSE,FALSE,Q103 ,
Queensbridge Park,"Queensboro Bridge, 41 Rd., 40 Ave. bet. The East River, Vernon Blvd., and 21 St.","https://www.google.com/maps/search/40.75664616610,-73.94859642780",26,Community Park,TRUE,TRUE,FALSE,FALSE,Q104 ,
Howard Von Dohlen Playground,"91 Ave., Archer Ave. bet. 138 Pl. and 138 St.","https://www.google.com/maps/search/40.69944671960,-73.81298124340",24,Neighborhood Park,TRUE,FALSE,FALSE,FALSE,Q105 ,
Daniel M. O'Connell Playground,"197 St., 196 St. bet. 113 Ave. and Murdock Ave.","https://www.google.com/maps/search/40.69987524610,-73.75810060630",27,Neighborhood Park,TRUE,FALSE,FALSE,FALSE,Q106 ,
Springfield Park,"149 Av, Springfield Bl, 145 Rd, 184 St","https://www.google.com/maps/search/40.66183746680,-73.76158345400",31,Community Park,TRUE,TRUE,FALSE,FALSE,Q107 ,
Laurelton Playground,Brookville Blvd. bet. 136 Ave. 137 Ave.,"https://www.google.com/maps/search/40.67017088520,-73.73655423990",31,Neighborhood Park,FALSE,FALSE,FALSE,FALSE,Q108 ,
One Room Schoolhouse Park,Astoria Blvd. bet. 90 St. and 89 St.,"https://www.google.com/maps/search/40.76338239910,-73.87941735500",22,Triangle/Plaza,FALSE,FALSE,FALSE,FALSE,Q116 ,
Police Officer Nicholas Demutiis Park,Liberty Ave. bet. 101 St. and 102 St.,"https://www.google.com/maps/search/40.68180416970,-73.83929208580",32,Neighborhood Park,TRUE,FALSE,FALSE,FALSE,Q118 ,
Frederick B. Judge Playground,"134 St., 135 St., bet. 111 Ave. and Lincoln St., Linden Blvd","https://www.google.com/maps/search/40.68346628290,-73.80820352800",28,Neighborhood Park,TRUE,FALSE,FALSE,FALSE,Q119 ,
Harvard Playground,179 Pl. bet. 90 Ave. and Jamaica Ave.,"https://www.google.com/maps/search/40.70912027340,-73.78158332710",27,Neighborhood Park,FALSE,FALSE,FALSE,FALSE,Q120 ,
Detective Keith L Williams Park,Liberty Ave. bet. 172 St. and 173 St.,"https://www.google.com/maps/search/40.70300866910,-73.78452629480",27,Community Park,TRUE,FALSE,TRUE,FALSE,Q121 ,
Junction Playground,"Junction Blvd, 34th Ave","https://www.google.com/maps/search/40.75470110460,-73.87218232630",21,Neighborhood Park,FALSE,FALSE,FALSE,FALSE,Q122 ,
Astoria Health Playground,14 St. bet. 31 Ave. and 31 Dr.,"https://www.google.com/maps/search/40.76792722570,-73.93263895080",22,Playground,FALSE,FALSE,FALSE,FALSE,Q123 ,
Myrtle Avenue Clemens Triangle,"Cypress Ave, Myrtle Ave","https://www.google.com/maps/search/40.70019987360,-73.90657992230",34,Triangle/Plaza,FALSE,FALSE,FALSE,FALSE,Q124 ,
Francis Lewis Park,3 Ave. bet. Parsons Blvd and 147 St.,"https://www.google.com/maps/search/40.79654390870,-73.82494355360",19,Neighborhood Park,TRUE,FALSE,FALSE,FALSE,Q126 ,
Marconi Park,"157 St., 155 St. bet. 108 Ave. and 109 Ave.","https://www.google.com/maps/search/40.69367637440,-73.79543140150",28,Neighborhood Park,TRUE,FALSE,FALSE,FALSE,Q127 ,
London Planetree Playground,"Atlantic Ave., 95 Ave. bet. 88 St., 89 St.","https://www.google.com/maps/search/40.68614257510,-73.85324091020",32,Neighborhood Park,TRUE,FALSE,FALSE,FALSE,Q128 ,
"Phil ""Scooter"" Rizzuto Park","Atlantic Ave., 95 Ave. bet. 127 St. and 125 St.","https://www.google.com/maps/search/40.69478740680,-73.82158718880",28,Community Park,TRUE,FALSE,FALSE,FALSE,Q129 ,
Motor Parkway,Cloverdale Blvd. bet. 77 Ave. and Kingsbury Ave. and 210 St. bet. 75 Ave. and Richland Ave.,"https://www.google.com/maps/search/40.73594940760,-73.75942475340",23,Nature Area,FALSE,FALSE,FALSE,FALSE,Q130 ,
Frank Principe Park,"Maurice Ave., 63 St. bet. 54 Ave. and Borden Ave.","https://www.google.com/maps/search/40.72752135530,-73.90487643300",30,Community Park,TRUE,FALSE,FALSE,FALSE,Q131 ,
Pat Williams Playground,"Hempstead Ave., 225 St. and 224 St. Cross Island Parkway Exit at 225 St.","https://www.google.com/maps/search/40.71003213100,-73.72848217930",27,Playground,FALSE,FALSE,FALSE,FALSE,Q133 ,
Hempstead Ballfield,225th St bet. 104th Ave. and Hempstead Ave.,"https://www.google.com/maps/search/40.71074634661722,-73.72877866116819",27,Recreation Field/Courts,FALSE,FALSE,FALSE,FALSE,Q133A,
Hempstead Bench Spread,225th St bet. 104th Ave. and Hempstead Ave.,"https://www.google.com/maps/search/40.71041077545458,-73.72909922819126",27,Triangle/Plaza,FALSE,FALSE,FALSE,FALSE,Q133B,
Breininger Park,240 St. bet. Braddock Ave. and Fairbury Ave.,"https://www.google.com/maps/search/40.72577023630,-73.72896129860",23,Neighborhood Park,TRUE,FALSE,FALSE,FALSE,Q134 ,
McKee Triangle,"149 St., 15 Ave., Cross Island Pkwy.","https://www.google.com/maps/search/40.78723561250,-73.81582775710",19,Triangle/Plaza,FALSE,FALSE,FALSE,FALSE,Q135A,
Playground 115,115th St. bet. 14th Rd. and 14th Ave.,"https://www.google.com/maps/search/40.78522853150,-73.85258022980",19,Playground,FALSE,FALSE,FALSE,FALSE,Q136 ,
Columbus Square,"Astoria Blvd S., Hoyt Ave. S. bet. 31 St. and 32 St.","https://www.google.com/maps/search/40.77011065140,-73.91760338110",22,Triangle/Plaza,FALSE,FALSE,FALSE,FALSE,Q137 ,
Drumm Triangle,"Cypress Hills St., Cooper Ave., 65 Pl.","https://www.google.com/maps/search/40.69930527990,-73.88824033680",30,Triangle/Plaza,FALSE,FALSE,FALSE,FALSE,Q139 ,
Barclay Triangle,102 St. bet. Astoria Blvd. and 31 Ave.,"https://www.google.com/maps/search/40.76137261480,-73.86700918110",21,Triangle/Plaza,FALSE,FALSE,FALSE,FALSE,Q140 ,
Murray Playground,"45 Ave., 45 Rd. bet. 11 St. and 21 St.","https://www.google.com/maps/search/40.74723037640,-73.94882917470",26,Neighborhood Park,TRUE,TRUE,FALSE,FALSE,Q141 ,
Jacob Riis Triangle,Babbage St. 85th Ave. 116th St.,"https://www.google.com/maps/search/40.70197534170,-73.83493986430",29,Triangle/Plaza,FALSE,FALSE,FALSE,FALSE,Q142 ,
Ruoff Triangle,"Rockaway Blvd., 101 Ave., 87 St.","https://www.google.com/maps/search/40.68252914720,-73.85266341960",32,Triangle/Plaza,FALSE,FALSE,FALSE,FALSE,Q147 ,
Catholic War Veterans Square,Rockaway Blvd. 116th Ave. 122nd St.,"https://www.google.com/maps/search/40.67587556000,-73.81634233660",28,Triangle/Plaza,FALSE,FALSE,FALSE,FALSE,Q148 ,
Grand Slope,"Kneeland Ave., Grand Ave. bet. Manilla St. and Haspel St.","https://www.google.com/maps/search/40.73450385150,-73.88288595610",25,Triangle/Plaza,FALSE,FALSE,FALSE,FALSE,Q151 ,
Horsebrook Island,90th St. 56th Ave.,"https://www.google.com/maps/search/40.73589435510,-73.87245170530",25,Triangle/Plaza,FALSE,FALSE,FALSE,FALSE,Q152 ,
Metro Triangle,Metropolitan Ave. 85th Ave. 125th St.,"https://www.google.com/maps/search/40.70442669820,-73.82617035260",29,Triangle/Plaza,FALSE,FALSE,FALSE,FALSE,Q157 ,
Father Reilly Square,"Winchester Blvd., 93 Ave., 220 St.","https://www.google.com/maps/search/40.72272072800,-73.73614603600",23,Triangle/Plaza,FALSE,FALSE,FALSE,FALSE,Q159 ,
O'Sullivan Plaza,"Astoria Blvd., 25 Ave., 88 St.","https://www.google.com/maps/search/40.76374987940,-73.88090307050",22,Triangle/Plaza,FALSE,FALSE,FALSE,FALSE,Q160 ,
Rockaway Beach and Boardwalk,Beach 3 St. to Beach 153 St. and Boardwalk to Atlantic Ocean.,"https://www.google.com/maps/search/40.58219500,-73.80548100",32,Park Group,TRUE,FALSE,FALSE,FALSE,Q162 ,
Rockaway Beach and Boardwalk,Beach 3 St. to Beach 153 St. and Boardwalk to Atlantic Ocean.,"https://www.google.com/maps/search/40.58219500,-73.80548100",32,Park Group,TRUE,FALSE,FALSE,FALSE,Q163 ,
Rockaway Beach and Boardwalk,Beach 3 St. to Beach 153 St. and Boardwalk to Atlantic Ocean.,"https://www.google.com/maps/search/40.58219500,-73.80548100",32,Park Group,TRUE,FALSE,FALSE,FALSE,Q164 ,
Spring Creek Park Addition,157th Ave. off Shore Pkwy N.,"https://www.google.com/maps/search/40.65821487290,-73.85844694340",32,Nature Area,FALSE,FALSE,FALSE,FALSE,Q165 ,
Alexander Grey Triangle,"Clintonville St., 7 Ave. and 151 St,","https://www.google.com/maps/search/40.79515806560,-73.81372651610",19,Triangle/Plaza,FALSE,FALSE,FALSE,FALSE,Q168 ,
Corona Plaza,Roosevelt Ave. bet. National St. and 104 St.,"https://www.google.com/maps/search/40.74978812520,-73.86225181670",21,Triangle/Plaza,FALSE,FALSE,FALSE,FALSE,Q172 ,
American Triangle,"41 Av, 102 St, National Av","https://www.google.com/maps/search/40.74840364480,-73.86336445000",21,Triangle/Plaza,FALSE,FALSE,FALSE,FALSE,Q173 ,
Tudor Malls,133 Ave. bet. 82 St. and 86 St.,"https://www.google.com/maps/search/40.67382383440,-73.85366120940",32,Mall,FALSE,FALSE,FALSE,FALSE,Q177 ,
Mall Forty Two XLII,42nd Ave. Corporal Kennedy St.,"https://www.google.com/maps/search/40.76212405740,-73.77402102310",19,Mall,FALSE,FALSE,FALSE,FALSE,Q178 ,
Jackson Mill Green,"94 St., Jackson Mill Rd. bet. 23 Ave. and 24 Ave.","https://www.google.com/maps/search/40.76646413660,-73.87580272360",21,Triangle/Plaza,FALSE,FALSE,FALSE,FALSE,Q186 ,
Corporal Ruoff Square,"Liberty Ave., Rockaway Blvd. bet. 94 St., Cross Bay Blvd. and 95 St.","https://www.google.com/maps/search/40.68048521080,-73.84418385650",32,Triangle/Plaza,FALSE,FALSE,FALSE,FALSE,Q190 ,
David J O'Connell Square,Rockaway Blvd. 115th Ave. 118th St.,"https://www.google.com/maps/search/40.67655688600,-73.82065426170",28,Triangle/Plaza,FALSE,FALSE,FALSE,FALSE,Q203 ,
Eight Oaks Triangle,"125 St., Austin St., 84 Dr.","https://www.google.com/maps/search/40.70724713180,-73.82716897150",29,Triangle/Plaza,FALSE,FALSE,FALSE,FALSE,Q206 ,
MacDonald Park,Queens Blvd. bet. 70th Rd. and Yellowstone Blvd.,"https://www.google.com/maps/search/40.72214366530,-73.84656666410",29,Neighborhood Park,FALSE,FALSE,FALSE,FALSE,Q207 ,
Litchhult Square,Jamaica Ave. bet. 212th Pl. and 213th St.,"https://www.google.com/maps/search/40.71595971070,-73.74489523500",27,Triangle/Plaza,FALSE,FALSE,FALSE,FALSE,Q208 ,
Lawrence Triangle,"Parsons Blvd., 147 St. bet. Elm Ave. and 45 Ave.","https://www.google.com/maps/search/40.75589774970,-73.81575056190",20,Triangle/Plaza,FALSE,FALSE,FALSE,FALSE,Q209 ,
Maple Playground,"Kissena Blvd., Maple Ave.","https://www.google.com/maps/search/40.75589712540,-73.82604858840",20,Neighborhood Park,TRUE,FALSE,FALSE,FALSE,Q211 ,
Queens Valley Playground,137 St. bet. 76 Ave. and 76 Rd.,"https://www.google.com/maps/search/40.72187584540,-73.82372135330",24,Jointly Operated Playground,TRUE,FALSE,FALSE,FALSE,Q212 ,
Studley Triangle,"162 St., Northern Blvd., Crocheron Ave.,","https://www.google.com/maps/search/40.76239979080,-73.80386104550",19,Triangle/Plaza,FALSE,FALSE,FALSE,FALSE,Q213 ,
Leonard Square,"Northern Blvd., Roosevelt Ave. bet. 155 St. and 156 St.","https://www.google.com/maps/search/40.76411245780,-73.80975583830",20,Triangle/Plaza,FALSE,FALSE,FALSE,FALSE,Q214 ,
Whitey Ford Field,"26 Ave., bet. 1 St. and 2 St.","https://www.google.com/maps/search/40.77758498370,-73.93488411460",22,Recreation Field/Courts,FALSE,FALSE,FALSE,FALSE,Q215 ,
Lt. Frank McConnell Park,"94 Ave., Atlantic Ave. bet. Leffers Blvd. and 120 St.","https://www.google.com/maps/search/40.69396550960,-73.82738605750",28,Triangle/Plaza,FALSE,FALSE,FALSE,FALSE,Q217 ,
Dutch Kills Playground,"28 St., Crescent St. bet. 37 Ave. and 36 Ave.","https://www.google.com/maps/search/40.75730823820,-73.93322439320",26,Jointly Operated Playground,TRUE,FALSE,FALSE,FALSE,Q218 ,
Rockaway Freeway,"Rockaway Frwy. bet. Beach 108 St. and Regina Ave., Beach Channel Dr.","https://www.google.com/maps/search/40.59040421730,-73.80073151030",31,Parkway,FALSE,TRUE,FALSE,FALSE,Q219 ,
Farm Playground,73 Ave. bet. 195 St. and 196 Pl.,"https://www.google.com/maps/search/40.73580545200,-73.77736212910",23,Jointly Operated Playground,TRUE,FALSE,FALSE,FALSE,Q221 ,
Glenwood Landing,"39th Rd., Glenwood St.","https://www.google.com/maps/search/40.77512676940,-73.73997541210",19,Triangle/Plaza,FALSE,FALSE,FALSE,FALSE,Q222 ,
Fresh Meadows Park,Horace Harding Expwy. 118th St.,"https://www.google.com/maps/search/40.74072752150,-73.78550874600",23,Triangle/Plaza,FALSE,FALSE,FALSE,FALSE,Q223 ,
Calvary Monument,"First Calvery, Greenpoint Ave., Gale St.","https://www.google.com/maps/search/40.73086841390,-73.92975318490",26,Cemetery,FALSE,FALSE,FALSE,FALSE,Q224 ,
Broad Channel Veteran's Park,Cross Bay Blvd. bet. E. 4 Rd. and E. 6 Rd.,"https://www.google.com/maps/search/40.61158096170,-73.81906791230",32,Triangle/Plaza,FALSE,FALSE,FALSE,FALSE,Q225 ,
Hallets Cove Playground,"Vernon Blvd., Main Ave. to Astoria Blvd., 1 St.","https://www.google.com/maps/search/40.77205206030,-73.93545387100",22,Neighborhood Park,TRUE,FALSE,FALSE,FALSE,Q226 ,
Sergeant Colyer Square,"Rockaway Blvd., 120 Ave. bet. 132 St. and 133 St.","https://www.google.com/maps/search/40.67490693060,-73.80572194190",28,Triangle/Plaza,FALSE,FALSE,FALSE,FALSE,Q231 ,
Dwyer Square,"Northern Blvd., 34 Ave. bet. 47 St. and 48 St.","https://www.google.com/maps/search/40.75388374960,-73.91507475140",26,Triangle/Plaza,FALSE,FALSE,FALSE,FALSE,Q232 ,
Norelli-Hargreaves Memorial Triangle,"Liberty Ave., 101 Ave. bet. Waltham St. and 146 St.","https://www.google.com/maps/search/40.69571643620,-73.80531949420",28,Triangle/Plaza,FALSE,FALSE,FALSE,FALSE,Q243 ,
Hollis Veterans Square,"Jamaica Ave., Hollis Ave.","https://www.google.com/maps/search/40.71029075010,-73.77132984500",27,Triangle/Plaza,FALSE,FALSE,FALSE,FALSE,Q245 ,
Travis Triangle,"Murray La., Murray St. bet. 34 Ave. and 35 Ave.","https://www.google.com/maps/search/40.76691205130,-73.81311794450",20,Triangle/Plaza,FALSE,FALSE,FALSE,FALSE,Q246 ,
Corporal Frank F. Fagan Sq.,"Broadway, 48th St., Newtown Rd.","https://www.google.com/maps/search/40.75603082380,-73.91240890760",26,Triangle/Plaza,FALSE,FALSE,FALSE,FALSE,Q254 ,
Lt. Clinton L .Whiting Square,84 St. bet. 91 Ave. and 91 Ave.,"https://www.google.com/maps/search/40.68723490790,-73.85822934150",32,Triangle/Plaza,FALSE,FALSE,FALSE,FALSE,Q257 ,
Memorial Circle,Rockaway Beach Blvd. bet. Beach 120 St. and Beach 121 St.,"https://www.google.com/maps/search/40.57840604320,-73.84094164780",32,Triangle/Plaza,FALSE,FALSE,FALSE,FALSE,Q259 ,
Alameda Malls,"Alameda Ave. bet. Northern Blvd., Hanford St. and Northern Blvd., 247 St.","https://www.google.com/maps/search/40.76431955160,-73.74484571770",19,Mall,FALSE,FALSE,FALSE,FALSE,Q262 ,
Westbourne Playground,"Mott Ave., Westbourne Ave. bet. Bay 28 St. and Bay 25 St.","https://www.google.com/maps/search/40.60792871060,-73.76440738710",31,Jointly Operated Playground,TRUE,FALSE,FALSE,FALSE,Q266 ,
Court Square Park,Jackson Ave. bet. Court Sq. and Thomson Ave.,"https://www.google.com/maps/search/40.74635140980,-73.94335725840",26,Triangle/Plaza,FALSE,FALSE,FALSE,FALSE,Q267 ,
Bell Malls,Bell Blvd. bet. 50th Ave. and 48th Ave.,"https://www.google.com/maps/search/40.75459890920,-73.76670052260",23,Mall,FALSE,FALSE,FALSE,FALSE,Q268 ,
Patricia A. Brackley Park,"Beach Channel Dr., Cronston Ave., Beach 124 St.","https://www.google.com/maps/search/40.58139900870,-73.84565830280",32,Triangle/Plaza,FALSE,FALSE,FALSE,FALSE,Q275 ,
South Gate Mall,Southgate Plaza. Off 140th Ave.,"https://www.google.com/maps/search/40.67338470070,-73.75852094860",27,Mall,FALSE,FALSE,FALSE,FALSE,Q277 ,
Nakks Malls,110 Ave. bet. 213 St. and 217 St.,"https://www.google.com/maps/search/40.70818998350,-73.74283204930",27,Mall,FALSE,FALSE,FALSE,FALSE,Q281 ,
225 Street Malls,225 St. bet. 135 Ave. and 141 Ave.,"https://www.google.com/maps/search/40.67354961180,-73.74734188930",31,Mall,FALSE,FALSE,FALSE,FALSE,Q283 ,
Sixteen Oaks Grove,"37 Ave., 14 St., 21 St.","https://www.google.com/maps/search/40.75853143480,-73.93835707110",26,Triangle/Plaza,FALSE,FALSE,FALSE,FALSE,Q284 ,
Al Stabile Playground,Centreville St. bet. 133 Ave. and 103 St.,"https://www.google.com/maps/search/40.67729513200,-73.83546100110",32,Jointly Operated Playground,FALSE,FALSE,FALSE,FALSE,Q285 ,
Pinocchio Playground,74th St. bet. Cooper Ave. and 78th Ave.,"https://www.google.com/maps/search/40.70552621620,-73.87523925510",30,Jointly Operated Playground,FALSE,FALSE,FALSE,FALSE,Q289 ,
"""Uncle"" Vito F. Maranzano Glendale Playground",Central Ave. bet. 70 St. and 71 St.,"https://www.google.com/maps/search/40.70490512800,-73.88175232400",30,Playground,FALSE,FALSE,FALSE,FALSE,Q290 ,
Starr Playground,Onderdonk Ave. bet. Starr St. and Willoughby Ave.,"https://www.google.com/maps/search/40.70981141820,-73.91779758040",34,Playground,FALSE,FALSE,FALSE,FALSE,Q291 ,
Saul Weprin Playground,56 Ave. bet. 201 St. and 202 St.,"https://www.google.com/maps/search/40.74804141060,-73.77641211190",20,Jointly Operated Playground,TRUE,FALSE,FALSE,FALSE,Q293 ,
Utopia Playground,"73 Ave., Jewel Ave. bet. Utopia Pkwy. and 179 St.","https://www.google.com/maps/search/40.73071459930,-73.79241419880",24,Neighborhood Park,FALSE,FALSE,FALSE,FALSE,Q294 ,
Playground Thirty Five XXXV,35 Ave. bet. Steinway St. and 41 St.,"https://www.google.com/maps/search/40.75484606320,-73.92203723680",26,Playground,FALSE,FALSE,FALSE,FALSE,Q296 ,
Paul Raimonda Playground,20 Ave. bet. 47 St. and 48 St.,"https://www.google.com/maps/search/40.77281022600,-73.89743704960",22,Playground,FALSE,FALSE,FALSE,FALSE,Q298 ,
Overlook Park,"Ditmars Blvd., 22 Dr. bet. 97 St. and 100 St.","https://www.google.com/maps/search/40.77070811790,-73.87238636730",21,Undeveloped,FALSE,FALSE,FALSE,FALSE,Q299 ,
Kissena Corridor Park,"Lawrence St,N Hempstead Tpk,Elder Ave,Kissena Blvd","https://www.google.com/maps/search/40.74702909250,-73.81984579520",20,Community Park,TRUE,FALSE,FALSE,FALSE,Q300 ,
Kissena Corridor Park,"Francis Lewis Blvd., Horace Harding Expwy.","https://www.google.com/maps/search/40.74183135620,-73.77672332910",20,Community Park,TRUE,FALSE,FALSE,FALSE,Q300A,
Jamaica Playground,"Union Hall St., 160 St. bet. 110 Ave. and 109 Ave.","https://www.google.com/maps/search/40.69323305800,-73.79097411990",28,Jointly Operated Playground,FALSE,FALSE,FALSE,FALSE,Q301 ,
Evergreen Park,St Felix Ave. bet. Seneca Ave. and 60 Pl.,"https://www.google.com/maps/search/40.69753615280,-73.89699991850",30,Jointly Operated Playground,TRUE,FALSE,FALSE,FALSE,Q302 ,
Travers Park,34 Ave. bet. 77 St. and 78 St.,"https://www.google.com/maps/search/40.75395391930,-73.88934309040",25,Playground,TRUE,FALSE,FALSE,FALSE,Q303 ,
Ehrenreich-Austin Playground,Austin St. bet. 76 Ave. and 76 Dr.,"https://www.google.com/maps/search/40.71551792970,-73.83683402760",29,Playground,TRUE,FALSE,FALSE,FALSE,Q304 ,
Mafera Park,65 Pl. bet. Shaler Ave. and the rail yards,"https://www.google.com/maps/search/40.70682732810,-73.89130638030",30,Community Park,TRUE,FALSE,FALSE,FALSE,Q305 ,
The Painter's Playground,Alderton St. bet. Dieterle Crescent. And Ellwell Crescent.,"https://www.google.com/maps/search/40.72052426740,-73.86007032160",29,Jointly Operated Playground,TRUE,FALSE,FALSE,FALSE,Q306 ,
Delphin H. Greene Playground,121 Ave. bet. 235 St. and 237 St.,"https://www.google.com/maps/search/40.68493068200,-73.72906305010",27,Jointly Operated Playground,TRUE,FALSE,FALSE,FALSE,Q307 ,
Bowne Playground,Union St. bet. Barclay Ave. and Sanford Ave.,"https://www.google.com/maps/search/40.75819402720,-73.82482879400",20,Jointly Operated Playground,TRUE,FALSE,FALSE,FALSE,Q308 ,
Jamaica Bay Park,Mott Basin to the City Line,"https://www.google.com/maps/search/40.61994137710,-73.77010416780",31,Nature Area,FALSE,FALSE,FALSE,FALSE,Q309 ,
Glen Oaks Oval,"74 Ave., 260 St.","https://www.google.com/maps/search/40.74952533330,-73.71561276370",23,Community Park,FALSE,FALSE,FALSE,FALSE,Q310 ,
Arverne Playground,Arverne Blvd. bet. Beach 56 St. and Beach 54 St.,"https://www.google.com/maps/search/40.59285679330,-73.78518621460",31,Playground,FALSE,FALSE,FALSE,FALSE,Q313 ,
Fresh Meadows Playground,67 Ave. bet. 173 St. and 174 St.,"https://www.google.com/maps/search/40.73413593620,-73.79620794360",24,Jointly Operated Playground,TRUE,FALSE,FALSE,FALSE,Q314 ,
Captain Dermody Triangle,"216 St., 48 Ave.","https://www.google.com/maps/search/40.75580110500,-73.76456394310",23,Triangle/Plaza,FALSE,FALSE,FALSE,FALSE,Q316 ,
Tall Oak Playground,64 Ave. bet. 218 St. and 219 St.,"https://www.google.com/maps/search/40.74615780260,-73.75819606640",23,Jointly Operated Playground,TRUE,FALSE,FALSE,FALSE,Q317 ,
Playground Eighty LXXX,80th Ave. bet. 261st St. and 262nd St.,"https://www.google.com/maps/search/40.74473266650,-73.70956296660",23,Jointly Operated Playground,TRUE,FALSE,FALSE,FALSE,Q318 ,
Annadale Playground,Yellowstone Blvd. bet. 64 Rd. and 65 Ave.,"https://www.google.com/maps/search/40.73112914500,-73.85181858200",29,Jointly Operated Playground,TRUE,FALSE,FALSE,FALSE,Q319 ,
Vleigh Playground,71st Ave. bet. Kissena Blvd. and 150th St.,"https://www.google.com/maps/search/40.72982772910,-73.81651270210",24,Jointly Operated Playground,TRUE,FALSE,FALSE,FALSE,Q320 ,
Van Alst Playground,21 St. bet. 29 Ave. and 30 Ave.,"https://www.google.com/maps/search/40.77063125480,-73.92816370480",22,Jointly Operated Playground,FALSE,FALSE,FALSE,FALSE,Q321 ,
Bellaire Playground,Hillside Ave. bet. 207 St. and 208 St.,"https://www.google.com/maps/search/40.72160477430,-73.75801013410",23,Jointly Operated Playground,TRUE,FALSE,FALSE,FALSE,Q322 ,
Gladys Warren Triangle,"Hollis Ave., 104 Ave., 194 St.","https://www.google.com/maps/search/40.70729080130,-73.76424418580",27,Triangle/Plaza,FALSE,FALSE,FALSE,FALSE,Q325 ,
James A. Bland Playground,40 Rd. bet. Prince St. and Main St.,"https://www.google.com/maps/search/40.75827113220,-73.83113246160",20,Playground,FALSE,FALSE,FALSE,FALSE,Q326 ,
Castlewood Playground,Little Neck Pkwy. bet. 72 Ave. and 73 Ave.,"https://www.google.com/maps/search/40.74930158930,-73.72238364130",23,Jointly Operated Playground,TRUE,FALSE,TRUE,FALSE,Q327 ,
Bellerose Playground,85 Ave. bet. 248 St. and 249 St.,"https://www.google.com/maps/search/40.73279906280,-73.71795204510",23,Jointly Operated Playground,TRUE,FALSE,FALSE,FALSE,Q328 ,
Pomonok Playground,"Kissena Blvd., 155 St. bet. 65 Ave. and Melbourne Ave.","https://www.google.com/maps/search/40.73611769470,-73.81386226990",24,Jointly Operated Playground,TRUE,FALSE,FALSE,FALSE,Q329 ,
Locust Manor Playground,121 Ave. bet. Lucas St. and 192 St.,"https://www.google.com/maps/search/40.68609847040,-73.75637785310",27,Jointly Operated Playground,TRUE,FALSE,FALSE,FALSE,Q330 ,
Woodtree Playground,20 Ave. bet. 37 St. and 38 St.,"https://www.google.com/maps/search/40.77750804160,-73.90237845430",22,Neighborhood Park,TRUE,FALSE,FALSE,FALSE,Q332 ,
Ravenswood Playground,21 St. bet. 34 Ave. and 35 Ave.,"https://www.google.com/maps/search/40.76292377840,-73.93524357480",26,Neighborhood Park,FALSE,FALSE,FALSE,FALSE,Q333 ,
Playground Twenty One,166th St. bet 21st Ave. and 21st Rd.,"https://www.google.com/maps/search/40.77828131420,-73.79849220080",19,Jointly Operated Playground,FALSE,FALSE,FALSE,FALSE,Q334 ,
Russell Sage Playground,Booth St. bet. 68 Ave. and 68 Dr.,"https://www.google.com/maps/search/40.72390819620,-73.85152872280",29,Jointly Operated Playground,TRUE,FALSE,FALSE,FALSE,Q335 ,
Judge Moses Weinstein Playground,"Union Turnpike, Vleigh Pl., 141 St.","https://www.google.com/maps/search/40.71826962480,-73.82058884160",24,Community Park,TRUE,FALSE,FALSE,FALSE,Q336 ,
Maurice A FitzGerald Playground,106 St. bet. Atlantic Ave. and 94 Ave.,"https://www.google.com/maps/search/40.69031126060,-73.83976606070",28,Playground,TRUE,FALSE,FALSE,FALSE,Q337 ,
Admiral Playground,Little Neck Pkwy. bet. 42 Ave. and 43 Ave.,"https://www.google.com/maps/search/40.77097613670,-73.73785096810",19,Jointly Operated Playground,TRUE,FALSE,FALSE,FALSE,Q338 ,
Cambria Playground,"Francis Lewis Blvd., 121 Ave. bet. 219 St. and 222 St.","https://www.google.com/maps/search/40.68932478690,-73.74293655020",27,Community Park,TRUE,FALSE,FALSE,FALSE,Q339 ,
Torsney Playground,Skillman Ave. bet. 41 St. and 43 St.,"https://www.google.com/maps/search/40.74727933840,-73.92177903780",26,Playground,TRUE,TRUE,FALSE,FALSE,Q340 ,
Electric Playground,164 St. bet. 65 Ave. and 67 Ave.,"https://www.google.com/maps/search/40.73592884330,-73.80534768310",24,Neighborhood Park,TRUE,FALSE,FALSE,FALSE,Q342 ,
Whitestone Playground,12th Ave. bet. 152nd St. and 154th St.,"https://www.google.com/maps/search/40.79201543570,-73.80851693960",19,Jointly Operated Playground,TRUE,FALSE,FALSE,FALSE,Q343 ,
Emerald Playground,"Jewel Ave., 71 Ave. bet. 163 St. and 164 St.","https://www.google.com/maps/search/40.73105776020,-73.80594272070",24,Jointly Operated Playground,TRUE,FALSE,FALSE,FALSE,Q344 ,
Redfern Playground,"Beach 12 St., Redfern Ave. ","https://www.google.com/maps/search/40.61127714320,-73.74945442960",31,Playground,TRUE,FALSE,FALSE,FALSE,Q345 ,
Challenge Playground,251 St. bet. 61 Ave. and 63 Ave.,"https://www.google.com/maps/search/40.75656588480,-73.72802133180",23,Jointly Operated Playground,TRUE,FALSE,FALSE,FALSE,Q346 ,
Colden Playground,Union St. bet. 31 Rd. and 31 Dr.,"https://www.google.com/maps/search/40.77024320140,-73.82721862120",20,Jointly Operated Playground,TRUE,FALSE,FALSE,FALSE,Q347 ,
Willow Lake Playground,72 Ave. bet. 112 St. and Grand Central Parkway,"https://www.google.com/maps/search/40.72260571100,-73.83712789160",29,Jointly Operated Playground,TRUE,FALSE,FALSE,FALSE,Q348 ,
Telephone Playground,75 Ave. bet. Bell Blvd. and 217 St.,"https://www.google.com/maps/search/40.73848469890,-73.75659347890",23,Jointly Operated Playground,TRUE,FALSE,FALSE,FALSE,Q349 ,
Peters Field,"Liberty Ave., Dunkirk St.","https://www.google.com/maps/search/40.70606828470,-73.77482891340",27,Neighborhood Park,TRUE,FALSE,FALSE,FALSE,Q351 ,
Hillside Playground,82 Ave. bet. 256 St. and 257 St.,"https://www.google.com/maps/search/40.74084611110,-73.71312420600",23,Jointly Operated Playground,FALSE,FALSE,FALSE,FALSE,Q352 ,
Grassmere Playground,"Grassmere Terr., Briar Pl. bet. Hanson Ct. and Brookhaven Ave.","https://www.google.com/maps/search/40.59927764170,-73.75894554000",31,Jointly Operated Playground,FALSE,FALSE,FALSE,FALSE,Q353 ,
Playground Seventy Five,160th St. bet. 75th Ave. and 75th Rd.,"https://www.google.com/maps/search/40.72642497990,-73.80817349140",24,Jointly Operated Playground,TRUE,FALSE,FALSE,FALSE,Q354 ,
Strippoli Square,"31 Ave., 51 St., 54 St.","https://www.google.com/maps/search/40.75720605480,-73.90758266260",22,Triangle/Plaza,FALSE,FALSE,FALSE,FALSE,Q355 ,
Alley Park,67 Ave. bet. 230 St. and 233 St.,"https://www.google.com/maps/search/40.74717452300,-73.74513608220",23,Jointly Operated Playground,TRUE,FALSE,FALSE,FALSE,Q356 ,
Detective William T. Gunn Playground,235 Ct. bet. Hillside Ave. and 87 Ave.,"https://www.google.com/maps/search/40.73159212070,-73.73177334900",23,Jointly Operated Playground,TRUE,FALSE,FALSE,FALSE,Q358 ,
Haggerty Park,Jamaica Ave. bet. 202 St. and 204 St.,"https://www.google.com/maps/search/40.71295155400,-73.75766462960",27,Neighborhood Park,TRUE,FALSE,FALSE,FALSE,Q359 ,
Moore Homestead Playground,"Broadway., 82 St., 45 Ave.","https://www.google.com/maps/search/40.74208959490,-73.88216090890",25,Neighborhood Park,TRUE,FALSE,FALSE,FALSE,Q361 ,
Playground Ninety,90th St. bet. Northern Blvd. and 32nd Ave.,"https://www.google.com/maps/search/40.75732289730,-73.87858478680",25,Jointly Operated Playground,TRUE,FALSE,FALSE,FALSE,Q362 ,
Northern Playground,Northern Blvd. bet. 93 St. and 94 St.,"https://www.google.com/maps/search/40.75607485480,-73.87456150760",25,Jointly Operated Playground,TRUE,FALSE,FALSE,FALSE,Q363 ,
Marie Curie Playground,"46 Ave., 46 Rd. bet. Oceania St. and 211 St.","https://www.google.com/maps/search/40.75698984490,-73.77173691570",19,N/A,TRUE,FALSE,TRUE,FALSE,Q364 ,
Louis C. Moser Playground,25 Ave. bet. 76 St. and 77 St.,"https://www.google.com/maps/search/40.76310424520,-73.89222865240",22,Playground,FALSE,FALSE,FALSE,FALSE,Q366 ,
Hammel Playground,Rockaway Beach Blvd. bet. Beach 84 St. and Beach 81 St.,"https://www.google.com/maps/search/40.58820807810,-73.80931362230",31,Playground,TRUE,FALSE,FALSE,FALSE,Q367 ,
Louis Pasteur Park,248 St. bet. Van Zandt Ave. and 52 Ave.,"https://www.google.com/maps/search/40.76201525110,-73.73542163580",19,Jointly Operated Playground,TRUE,FALSE,FALSE,FALSE,Q369 ,
Freedom Square Playground,"Main St.,  76th Ave., Vleigh Pl.","https://www.google.com/maps/search/40.72317490610,-73.82025435880",24,Playground,FALSE,FALSE,FALSE,FALSE,Q370 ,
Rockaway Community Park,Conch Pl. off Almeda Ave. and Beach 51st St.,"https://www.google.com/maps/search/40.59821939300,-73.78126115670",31,Community Park,FALSE,TRUE,FALSE,FALSE,Q371 ,
Helen Marshall Playground,"100 St., 98 St. bet. 24 Ave. and 25 Ave.","https://www.google.com/maps/search/40.76548062240,-73.87092856590",21,Jointly Operated Playground,TRUE,FALSE,FALSE,FALSE,Q373 ,
Willets Point Playground,166 St. bet. 16 Ave. and 16 Rd.,"https://www.google.com/maps/search/40.78382547700,-73.79634994150",19,Jointly Operated Playground,FALSE,FALSE,FALSE,FALSE,Q375 ,
Cedar Grove Playground,Gravett Rd. bet. Main St. and 149 St.,"https://www.google.com/maps/search/40.73704711130,-73.82372977130",24,Jointly Operated Playground,FALSE,FALSE,FALSE,FALSE,Q376 ,
Playground Sixty Two LXII,62 Rd. bet. Yellowstone Blvd. and108 St.,"https://www.google.com/maps/search/40.73607522840,-73.85290233730",29,Jointly Operated Playground,TRUE,FALSE,FALSE,FALSE,Q377 ,
Ampere Playground,101 Ave. bet. 92 St. and 83 St.,"https://www.google.com/maps/search/40.68152286220,-73.85695705000",32,Jointly Operated Playground,TRUE,FALSE,FALSE,FALSE,Q378 ,
Briarwood Playground,148 St. bet. 85 Ave. and 85 Rd.,"https://www.google.com/maps/search/40.71028913480,-73.81107771720",24,Jointly Operated Playground,FALSE,FALSE,FALSE,FALSE,Q379 ,
Francis Lewis Playground,"Francis Lewis Blvd., 201 St. bet. 42 Ave. and Station Rd.","https://www.google.com/maps/search/40.76052644260,-73.78407143220",19,Jointly Operated Playground,FALSE,FALSE,FALSE,FALSE,Q381 ,
Cardozo Playground,Arverne Blvd. bet. Beach 57 St. and Beach 56 St.,"https://www.google.com/maps/search/40.59322468680,-73.78657477420",31,Jointly Operated Playground,FALSE,FALSE,FALSE,FALSE,Q382 ,
Middle Village Veterans Triangle,"Gray St., 77 St., 66 Rd.","https://www.google.com/maps/search/40.71446764320,-73.87727832360",30,Triangle/Plaza,FALSE,FALSE,FALSE,FALSE,Q383 ,
Ditmars Playground,Steinway St. bet. 23 Ave. and Ditmars Blvd.,"https://www.google.com/maps/search/40.77163025360,-73.90717076370",22,Playground,TRUE,FALSE,FALSE,FALSE,Q385 ,
Centreville Playground,Albert Rd. bet. 96 St. and Centerville St.,"https://www.google.com/maps/search/40.67028332400,-73.83904081620",32,Neighborhood Park,FALSE,FALSE,FALSE,FALSE,Q386 ,
Linnaeus Park,230 St. bet. 57 Ave. and 57 Rd.,"https://www.google.com/maps/search/40.75383386890,-73.75068904810",23,Recreation Field/Courts,FALSE,FALSE,FALSE,FALSE,Q388 ,
Bayside Playground,Beach Channel Dr. bet. Beach 104 St. and Seaside Ave.,"https://www.google.com/maps/search/40.58481516480,-73.82515423290",32,Jointly Operated Playground,TRUE,FALSE,FALSE,FALSE,Q389 ,
Clintonville Playground,Clintonville St. bet. 17 Ave. and 17 Rd.,"https://www.google.com/maps/search/40.78306027800,-73.80733876010",19,Jointly Operated Playground,TRUE,FALSE,FALSE,FALSE,Q390 ,
Joseph Austin Playground,164 Pl. bet. Grand Central Pkwy. Sr. Rd. S. and 84 Ave.,"https://www.google.com/maps/search/40.71588577050,-73.80071306480",24,Jointly Operated Playground,TRUE,FALSE,FALSE,FALSE,Q391 ,
Idlewild Park,"149 Ave., Rockaway Blvd., Jamaica Bay bet. James Brown Pl. and Brookville Blvd.","https://www.google.com/maps/search/40.65254523770,-73.75490071090",31,Nature Area,FALSE,FALSE,FALSE,FALSE,Q392 ,
Planeview Park,23 Ave. bet. 85 St. and Ditmars Blvd.,"https://www.google.com/maps/search/40.76712131966213, -73.88529514993625",21,Triangle/Plaza,FALSE,FALSE,FALSE,FALSE,Q393 ,
LaGuardia Landing Lights,25 Ave. bet. 78 St. and 79 St.,"https://www.google.com/maps/search/40.76208836580,-73.88992435120",22,Recreation Field/Courts,FALSE,TRUE,FALSE,FALSE,Q393A,
Conch Playground,Beach 49 St. bet. Elizabeth Ave. and Beach Channel Dr.,"https://www.google.com/maps/search/40.59601907330,-73.78078221590",31,Jointly Operated Playground,FALSE,FALSE,FALSE,FALSE,Q394 ,
Steinway Playground,38th St. bet. 20th Ave. and 20th Rd.,"https://www.google.com/maps/search/40.77641062050,-73.90345081630",22,Jointly Operated Playground,FALSE,FALSE,FALSE,FALSE,Q395 ,
Montbellier Park,"Springfield Blvd., Sloan St. bet. 139 Ave. and Eastgate Plaza","https://www.google.com/maps/search/40.67468180280,-73.75652668210",27,Community Park,TRUE,FALSE,FALSE,FALSE,Q396 ,
Auburndale Playground,"171 St., 172 St. bet. 33 Ave. and 35 Ave.","https://www.google.com/maps/search/40.76578610770,-73.79428588720",19,Jointly Operated Playground,TRUE,FALSE,FALSE,FALSE,Q397 ,
Rosemary's Playground,"Woodbine St., Madison St. bet. Woodward Ave. and Fairview Ave.","https://www.google.com/maps/search/40.70472963170,-73.90394985570",30,Jointly Operated Playground,TRUE,FALSE,FALSE,FALSE,Q398 ,
Bay Terrace Playground,23 Ave. bet. 212 St. and Bell Blvd.,"https://www.google.com/maps/search/40.78231777380,-73.77760698090",19,Jointly Operated Playground,TRUE,FALSE,FALSE,FALSE,Q399 ,
Oakland Gardens,Springfield Blvd. bet. 53 Ave. and 56 Ave.,"https://www.google.com/maps/search/40.75360388760,-73.75982150790",23,Jointly Operated Playground,FALSE,FALSE,FALSE,FALSE,Q400 ,
Lost Battalion Hall Recreation Center,Queens Blvd. bet. 62 Ave. and 62 Rd.,"https://www.google.com/maps/search/40.73220898450,-73.86517970810",29,Community Park,FALSE,FALSE,FALSE,FALSE,Q401 ,
Latimer Playground,"167th St., 109th Ave.","https://www.google.com/maps/search/40.69641613090,-73.78623221330",27,Jointly Operated Playground,FALSE,FALSE,FALSE,FALSE,Q402 ,
Beach Channel Playground,"B 80 St., B 79 St., Rockaway Beach Blvd., Beach Channel Dr.","https://www.google.com/maps/search/40.58895344720,-73.80583561950",31,Jointly Operated Playground,FALSE,FALSE,FALSE,FALSE,Q403 ,
East Springfield Playground,115 Rd. bet. 218 St. and 219 St.,"https://www.google.com/maps/search/40.69859739890,-73.73997335980",27,Jointly Operated Playground,TRUE,FALSE,FALSE,FALSE,Q404 ,
Hollis Playground,Hollis Ave. bet. 204 St. and 205 St.,"https://www.google.com/maps/search/40.70650850700,-73.75311450520",27,Jointly Operated Playground,TRUE,FALSE,FALSE,FALSE,Q405 ,
Springfield Park North,145 Rd. bet. Arthur St. and Springfield Blvd.,"https://www.google.com/maps/search/40.66408113070,-73.75976059450",31,Jointly Operated Playground,TRUE,FALSE,FALSE,FALSE,Q406 ,
Lanett Playground,Lanett Ave. bet. Beach 9 St. and Beach 8 St.,"https://www.google.com/maps/search/40.59951110860,-73.74409348810",31,Jointly Operated Playground,TRUE,FALSE,FALSE,FALSE,Q407 ,
Harold Schneiderman Playground,155 Ave. bet. 83 St. and 84 St.,"https://www.google.com/maps/search/40.66521759190,-73.85048589870",32,Jointly Operated Playground,TRUE,FALSE,FALSE,FALSE,Q408 ,
Hinton Park,"114 St., 113 St. bet. 34 Ave. and 37 Ave.","https://www.google.com/maps/search/40.75613350580,-73.85499359350",21,Neighborhood Park,FALSE,FALSE,FALSE,FALSE,Q410 ,
Douglaston Park Golf Course,"61 Ave. bet. Marathon Pkwy., Commonwealth Blvd. and 242 St.","https://www.google.com/maps/search/40.75186670690,-73.73265260330",23,Managed Sites,FALSE,FALSE,FALSE,FALSE,Q411 ,
Gwen Ifill Park,129 Ave. bet. 172 St. and 176 St.,"https://www.google.com/maps/search/40.67868690250,-73.76849340130",27,Nature Area,FALSE,FALSE,FALSE,FALSE,Q412 ,
Rochdale Park,Guy R. Brewer Blvd. bet. 130 Ave. and 137 Ave.,"https://www.google.com/maps/search/40.67470339690,-73.77448181800",28,Jointly Operated Playground,TRUE,FALSE,FALSE,FALSE,Q413 ,
Rocket Playground,N Conduit Ave. and 149 Ave.bet. Whitelaw St. and Lafayette St.,"https://www.google.com/maps/search/40.67068469110,-73.84624743630",32,Jointly Operated Playground,FALSE,FALSE,FALSE,FALSE,Q414 ,
Louis Armstrong Playground,37th Ave. bet. 112th St. and 113th St.,"https://www.google.com/maps/search/40.75541668940,-73.85572779380",21,Jointly Operated Playground,TRUE,FALSE,FALSE,FALSE,Q415 ,
Park,Beach Channel Dr. bet. B. 128 and B. 130 Sts. ,"https://www.google.com/maps/search/40.58182155610,-73.85104333610",32,Undeveloped,FALSE,FALSE,FALSE,FALSE,Q416 ,
Hart Playground,149th St. bet. 26th Ave. and 27th Ave.,"https://www.google.com/maps/search/40.77399372650,-73.81888164710",19,Jointly Operated Playground,FALSE,FALSE,FALSE,FALSE,Q419 ,
Walter Ward Playground,160 Ave. bet. 88 St. and 89 St.,"https://www.google.com/maps/search/40.65773445960,-73.84388113100",32,Jointly Operated Playground,FALSE,FALSE,FALSE,FALSE,Q421 ,
Seaside Playground,Rockaway Beach Blvd. bet. Beach 110 St. and Beach 109 St.,"https://www.google.com/maps/search/40.58061625860,-73.83091188650",32,Jointly Operated Playground,TRUE,FALSE,FALSE,FALSE,Q422 ,
Reiff Playground,59 Dr. bet. Fresh Pond Rd. and 63 St.,"https://www.google.com/maps/search/40.71862363960,-73.90173203520",30,Neighborhood Park,TRUE,FALSE,FALSE,FALSE,Q423 ,
Judge Angelo Graci Triangle,"N. Conduit Ave., Sutter Ave. bet. 77 St. and 78 St.","https://www.google.com/maps/search/40.67447618820,-73.85875655300",32,Triangle/Plaza,FALSE,FALSE,FALSE,FALSE,Q424 ,
Yellowstone Park,Yellowstone Blvd. bet. 68 Ave. and 68 Rd.,"https://www.google.com/maps/search/40.72625097180,-73.84761846820",29,Neighborhood Park,TRUE,TRUE,FALSE,FALSE,Q425 ,
North Rochdale Playground,Baisley Blvd. 168 St. and Bedell St.,"https://www.google.com/maps/search/40.67997741900,-73.77494806330",28,Jointly Operated Playground,TRUE,FALSE,FALSE,FALSE,Q426 ,
South Rochdale Playground,134 Rd. and 173 St.,"https://www.google.com/maps/search/40.67379816790,-73.76912125450",28,Jointly Operated Playground,FALSE,FALSE,FALSE,FALSE,Q427 ,
Horace Harding Playground,62 Dr. bet. 97 Pl. and 98 St.,"https://www.google.com/maps/search/40.73322240590,-73.86053216440",29,Jointly Operated Playground,TRUE,FALSE,FALSE,FALSE,Q428 ,
Spirit Playground,36 Ave bet. 9 St. and 10 St.,"https://www.google.com/maps/search/40.76129942600,-73.94143930480",26,Jointly Operated Playground,TRUE,FALSE,FALSE,FALSE,Q429 ,
Sunrise Playground,253 St. bet. 149 Ave. and 149 Rd.,"https://www.google.com/maps/search/40.65266172630,-73.73637907370",31,Jointly Operated Playground,FALSE,FALSE,FALSE,FALSE,Q430 ,
Long Island Mews,"51 Ave., 51 Rd., 72 Pl.","https://www.google.com/maps/search/40.73611571480,-73.89009294340",30,Neighborhood Park,FALSE,FALSE,FALSE,FALSE,Q434 ,
Vernon Mall,Vernon Blvd. bet. 50 Ave. and 51 Ave. ,"https://www.google.com/maps/search/40.74230305600,-73.95414629360",26,Mall,FALSE,FALSE,FALSE,FALSE,Q435 ,
Athens Square,30 Ave. bet. 29 St. and 30 St.,"https://www.google.com/maps/search/40.76765602240,-73.92246651550",22,Jointly Operated Playground,TRUE,FALSE,FALSE,FALSE,Q436 ,
Murray Hill Playground,Murray St. bet. Barclay Ave. and Sanford Ave. ,"https://www.google.com/maps/search/40.76165878710,-73.81183170530",20,Jointly Operated Playground,FALSE,FALSE,FALSE,FALSE,Q437 ,
Private William Gray Playground,98 St. bet. Northern Blvd. and 32 Ave.,"https://www.google.com/maps/search/40.75788096770,-73.87081211970",21,Playground,FALSE,FALSE,FALSE,FALSE,Q439 ,
Fisher Pool,32 Ave. bet. 99 St. and 100 St.,"https://www.google.com/maps/search/40.75853581580,-73.86941136980",21,Buildings/Institutions,FALSE,FALSE,TRUE,FALSE,Q441 ,
Almeda Playground,"Beach 65 St. to Beach 66 St., Beach Channel Dr.","https://www.google.com/maps/search/40.59341317790,-73.79469265620",31,Jointly Operated Playground,FALSE,FALSE,FALSE,FALSE,Q443 ,
Sean's Place,38 St. bet. 31 Ave. and Broadway,"https://www.google.com/maps/search/40.76048067420,-73.91833901200",22,Neighborhood Park,FALSE,FALSE,FALSE,FALSE,Q444 ,
Frank Golden Park,14 Rd. bet. 132 St. and 138 St.,"https://www.google.com/maps/search/40.78468297660,-73.83348169470",19,Neighborhood Park,TRUE,FALSE,FALSE,FALSE,Q445 ,
Sorrentino Recreation Center,Cornaga Ave. bet. Beach 19 St. and Morse Ct.,"https://www.google.com/maps/search/40.60243532340,-73.75138041580",31,Buildings/Institutions,FALSE,FALSE,FALSE,FALSE,Q446 ,
Brinkerhoff Mall,"Binkerhoff Ave., Merrick Blvd.","https://www.google.com/maps/search/40.69572642840,-73.78216413250",27,Triangle/Plaza,FALSE,FALSE,FALSE,FALSE,Q447 ,
Roy Wilkins Recreation Center,"Merrick Blvd. bet. 115 Ave., 116 Ave., and Baisley Blvd.","https://www.google.com/maps/search/40.68747010860,-73.77184242610",27,Community Park,TRUE,FALSE,FALSE,TRUE,Q448 ,
Corona Golf Playground,"109 St., 111 St. bet. 46 Ave. and 47 Ave.","https://www.google.com/maps/search/40.74758267830,-73.85460581410",21,Neighborhood Park,TRUE,FALSE,FALSE,FALSE,Q450 ,
Underbridge Dog Run,Grand Central Pkwy. Bet 64th Ave. and 64th Rd.,"https://www.google.com/maps/search/40.73386932600,-73.84520086100",29,Neighborhood Park,FALSE,TRUE,FALSE,FALSE,Q451 ,
Udall's Park Preserve,"Northern Blvd., 244 St. to 247 St., Douglas Rd., Little Neck Bay","https://www.google.com/maps/search/40.77266713540,-73.74478195150",19,Nature Area,FALSE,FALSE,FALSE,FALSE,Q452 ,
Queens Farm Park,Little Neck Pkwy. bet. 73 Rd. and 74 Ave.,"https://www.google.com/maps/search/40.74730092850,-73.72235532240",23,Managed Sites,FALSE,FALSE,FALSE,FALSE,Q453 ,
Hook Creek Park,Brookville Blvd. bet. Rockaway Blvd. and 149th Ave.,"https://www.google.com/maps/search/40.64626306390,-73.74167951570",31,Nature Area,FALSE,FALSE,FALSE,FALSE,Q454 ,
Gene Gray Playground,Cross Bay Blvd. bet. E 9 Rd. and E 10 Rd.,"https://www.google.com/maps/search/40.60624267530,-73.81918506540",32,Playground,FALSE,FALSE,FALSE,FALSE,Q456 ,
College Point Park,14 Ave. bet. 121 St. and College Point Blvd.,"https://www.google.com/maps/search/40.78564216270,-73.84648803500",19,Recreation Field/Courts,FALSE,FALSE,FALSE,FALSE,Q457 ,
Fort Totten Park,Cross Island Pkwy. bet. Totten Ave. and 15 Rd.,"https://www.google.com/maps/search/40.79238807130,-73.77698992260",19,Neighborhood Park,FALSE,FALSE,TRUE,FALSE,Q458 ,
Dubos Point Wildlife Sanctuary,"Decosta Ave, B 63 St, Bayfield Ave, Barbadoes Dr","https://www.google.com/maps/search/40.59967331710,-73.79245829760",31,Nature Area,FALSE,FALSE,FALSE,FALSE,Q459 ,
Broad Channel Park,"Cross Bay Blvd., Channel Rd. bet. E. 16 Rd. and E. 18 Rd.","https://www.google.com/maps/search/40.60097353590,-73.81980913100",32,Neighborhood Park,FALSE,FALSE,FALSE,FALSE,Q460 ,
Powell's Cove Park,"11 Ave. bet. 130 St., Powell's Cove Blvd. and 138 Pl., 9 Ave.","https://www.google.com/maps/search/40.78931963160,-73.83452879560",19,Nature Area,FALSE,FALSE,FALSE,FALSE,Q461 ,
Manuel De Dios Unanue Triangle,"Roosevelt Ave., 83 St., Baxter Ave.","https://www.google.com/maps/search/40.74758232280,-73.88278071450",21,Triangle/Plaza,FALSE,FALSE,FALSE,FALSE,Q462 ,
Cornell Burial Ground,Caffrey Ave. bet. New Haven Ave. and Davies Rd.,"https://www.google.com/maps/search/40.60009364630,-73.74962480690",31,Cemetery,FALSE,FALSE,FALSE,FALSE,Q463 ,
Brant Point Wildlife Sanctuary,Beach 72 St. bet. Bayfields Ave. and Hillmeyer Ave.,"https://www.google.com/maps/search/40.59853884980,-73.80245438590",31,Nature Area,FALSE,FALSE,FALSE,FALSE,Q464 ,
Socrates Sculpture Park,Vernon Blvd. bet. Broadway and 30 Dr.,"https://www.google.com/maps/search/40.76870480730,-73.93694445250",26,Neighborhood Park,FALSE,FALSE,FALSE,FALSE,Q465 ,
Broad Channel American Park,"Cross Bay Blvd., W 22nd Rd.","https://www.google.com/maps/search/40.59600016100,-73.82303152750",32,Recreation Field/Courts,FALSE,FALSE,FALSE,FALSE,Q467 ,
Louis Armstrong Community Center,"107 St., 108 St. bet. Northern Blvd. and 34 Ave.","https://www.google.com/maps/search/40.75727961240,-73.86135985370",21,Buildings/Institutions,FALSE,FALSE,FALSE,FALSE,Q468 ,
Seagirt Ave Wetlands,"Seagirt Blvd., Seagirt Ave. bet. Beach 5 St. and Queens County Border","https://www.google.com/maps/search/40.59678021850,-73.74021998010",31,Nature Area,FALSE,FALSE,FALSE,FALSE,Q469 ,
A.R.R.O.W. Field House,35th St. bet. 35 Ave. and 36 Ave.,"https://www.google.com/maps/search/40.75581546430,-73.92626655420",26,Buildings/Institutions,FALSE,FALSE,FALSE,FALSE,Q470 ,
Hunter's Point South Park,Center Blvd. bet. 50 Ave. and 2 St.,"https://www.google.com/maps/search/40.74260,-73.96099",26,Neighborhood Park,TRUE,TRUE,FALSE,FALSE,Q471 ,
Vernam Barbadoes Peninsula,"Amstel Blvd., Jamaica Bay","https://www.google.com/maps/search/40.59391682290,-73.80563215760",31,Nature Area,FALSE,FALSE,FALSE,FALSE,Q472 ,
Simeone Park,"Lewis Ave., Radcliff Ave. bet. 101 St. and 102 St.","https://www.google.com/maps/search/40.74097567950,-73.85990081090",21,Neighborhood Park,FALSE,FALSE,FALSE,FALSE,Q474 ,
College Point Fields,"130 St. bet., 23rd Ave. and 26 Ave.","https://www.google.com/maps/search/40.77645085200,-73.83690814970",19,Recreation Field/Courts,TRUE,FALSE,FALSE,FALSE,Q476 ,
Broad Channel Wetlands,Cross Bay Blvd. near W 3rd Rd. and E 1st Rd.,"https://www.google.com/maps/search/40.61146788840,-73.82192456210",32,Nature Area,FALSE,FALSE,FALSE,FALSE,Q478 ,
Remsen Family Cemetery,"Trotting Course La., Alderton St.","https://www.google.com/maps/search/40.71245564650,-73.85853962680",29,Cemetery,FALSE,FALSE,FALSE,FALSE,Q480 ,
Southside Burial Ground,"Redding St, Albert Rd and 149th Av","https://www.google.com/maps/search/40.67069641490,-73.84413726400",32,Cemetery,FALSE,FALSE,FALSE,FALSE,Q481 ,
Prospect Cemetery,"158th St., Beaver Rd.","https://www.google.com/maps/search/40.70143005250,-73.79972897250",27,Cemetery,FALSE,FALSE,FALSE,FALSE,Q482 ,
Corona Health Sanctuary,Corona Ave. bet.104th St. and 51st. Ave.,"https://www.google.com/maps/search/40.74379941210,-73.85834090750",21,Playground,FALSE,FALSE,FALSE,FALSE,Q483 ,
Carlos R. Lillo Park,"21 Ave., 20 Ave., bet. 76 St. and 77 St.","https://www.google.com/maps/search/40.77061254000,-73.89355722370",22,Triangle/Plaza,FALSE,FALSE,FALSE,FALSE,Q491 ,
Elmhurst Park,"Grand Ave., 57 Ave. bet. 74 St. and 80 St.","https://www.google.com/maps/search/40.73002619870,-73.88508138200",25,Community Park,TRUE,FALSE,FALSE,FALSE,Q492 ,
Flight 587 Memorial Park,"Beach 116 St.,  Ocean Promenade","https://www.google.com/maps/search/40.57793885110,-73.83616020510",32,Triangle/Plaza,FALSE,FALSE,FALSE,FALSE,Q494 ,
Park at Beach 108 Street,Beach Channel Dr. bet. Rockawy Freeway. And Beach 108th St.,"https://www.google.com/maps/search/40.58368392176588,-73.83288293496379",32,Triangle/Plaza,FALSE,FALSE,FALSE,FALSE,Q496 ,
Lewis H Latimer House,137th St. and Leavitt St.,"https://www.google.com/maps/search/40.76612887200,-73.82963134510",20,Historic House Park,FALSE,FALSE,FALSE,FALSE,Q497 ,
Sunset Cove Park,W. 19 Rd. bet Jamaica Bay and Cross Bay Blvd.,"https://www.google.com/maps/search/40.59851273390096,-73.8228344258822",32,Undeveloped,FALSE,FALSE,FALSE,FALSE,Q498 ,
Park,"69th St., Jay Ave.","https://www.google.com/maps/search/40.72914278382002,-73.89578436945884",30,Triangle/Plaza,FALSE,FALSE,FALSE,FALSE,Q500 ,
Sergeant Collins Triangle,"Broadway, 59th St., 34th Ave.","https://www.google.com/maps/search/40.75175042955004,-73.90295871524168",26,Triangle/Plaza,FALSE,FALSE,FALSE,FALSE,Q501 ,
Rory Staunton Field,"78 St., 79 St. bet. Northern Blvd. and 34 Ave.","https://www.google.com/maps/search/40.75400665064433,-73.8884015386441",25,Recreation Field/Courts,FALSE,FALSE,FALSE,FALSE,Q502 ,
Park,"Astoria Blvd., 81st St., 24th Ave.","https://www.google.com/maps/search/40.764933070955195,-73.88781599119741",22,Triangle/Plaza,FALSE,FALSE,FALSE,FALSE,Q504 ,
Gateway Park,"Van Wyck Expwy., Atlantic Ave.","https://www.google.com/maps/search/40.69698356767141,-73.81233784830296",27,Neighborhood Park,FALSE,FALSE,FALSE,FALSE,Q506 ,
Lt. Michael R. Davidson Playground,"50th St., 39th Ave.","https://www.google.com/maps/search/40.74865706166352,-73.91351015308226",26,Undeveloped,FALSE,FALSE,FALSE,FALSE,Q516 ,
